code,text
AA,(2002--.) All countries together
AD,(2002--.) Andorra
AE,(2002--.) Arab Emirates
AF,(2002--.) Afghanistan
AG,(2002--.) Antigua and Barbuda
AI,(2002--.) Anguilla
AL,(2002--.) Albania
AM,(2002--.) Armenia
AN,(2002--2012) Netherlands Antilles
AO,(2002--.) Angola
AQ,(2002--.) Antarctica
AR,(2002--.) Argentina
AS,(2002--.) American Samoa
AT,(2002--.) Austria
AU,(2002--.) Australia
AW,(2002--.) Aruba
AZ,(2002--.) Azerbaijan
BA,(2002--.) Bosnia and Herzegovina
BB,(2002--.) Barbados
BD,(2002--.) Bangladesh
BE,(2002--.) Belgium
BF,(2002--.) Burkina Faso
BG,(2002--.) Bulgaria
BH,(2002--.) Bahrain
BI,(2002--.) Burundi
BJ,(2002--.) Benin
BL,(2013--.) Saint Barthélemy
BM,(2002--.) Bermuda
BN,(2002--.) Brunei
BO,(2002--.) Bolivia
BQ,"(2013--.) Bonaire, Sint Eustatius and Saba"
BR,(2002--.) Brazil
BS,(2002--.) Bahamas
BT,(2002--.) Bhutan
BV,(2002--.) Bouvet Island
BW,(2002--.) Botswana
BY,(2002--.) Belarus
BZ,(2002--.) Belize
CA,(2002--.) Canada
CC,(2002--.) Cocos Islands
CD,(2002--.) Democratic Republic of Congo
CF,(2002--.) Central African Republic
CG,(2002--.) Congo
CH,(2002--.) Switzerland
CI,(2002--.) Ivory Coast
CK,(2002--.) Cook Islands
CL,(2002--.) Chile
CM,(2002--.) Cameroon
CN,(2002--.) China
CO,(2002--.) Colombia
CR,(2002--.) Costa Rica
CS,(2004--2005) Serbia and Montenegro
CU,(2002--.) Cuba
CV,(2002--.) Cape Verde
CW,(2013--.) Curaçao
CX,(2002--.) Christmas Island
CY,(2002--.) Cyprus
CZ,(2002--.) Czechia
DE,(2002--.) Germany
DJ,(2002--.) Djibouti
DK,(2002--.) Denmark
DM,(2002--.) Dominica
DO,(2002--.) Dominican Republic
DZ,(2002--.) Algeria
EC,(2002--.) Ecuador
EE,(2002--.) Estonia
EG,(2002--.) Egypt
EH,(2013--.) Western Sahara
ER,(2002--.) Eritrea
ES,(2002--.) Spain
ET,(2002--.) Ethiopia
FJ,(2002--.) Fiji
FK,(2002--.) Falkland Islands
FM,(2002--.) Micronesia
FO,(2002--.) Faroe Islands
FR,(2002--.) France
GA,(2002--.) Gabon
GB,(2002--.) United Kingdom
GD,(2002--.) Grenada
GE,(2002--.) Georgia
GH,(2002--.) Ghana
GI,(2002--.) Gibraltar
GL,(2002--.) Greenland
GM,(2002--.) Gambia
GN,(2002--.) Guinea
GQ,(2002--.) Equatorial Guinea
GR,(2002--.) Greece
GS,(2002--.) South Georgia and South Sandwich Islands
GT,(2002--.) Guatemala
GU,(2002--.) Guam
GW,(2002--.) Guinea-Bissau
GY,(2002--.) Guyana
HK,(2002--.) Hong Kong
HM,(2002--.) Heard Island and McDonald Islands
HN,(2002--.) Honduras
HR,(2002--.) Croatia
HT,(2002--.) Haiti
HU,(2002--.) Hungary
ID,(2002--.) Indonesia
IE,(2002--.) Ireland
IL,(2002--.) Israel
IN,(2002--.) India
IO,(2002--.) British Indian Ocean Territory
IQ,(2002--.) Iraq
IR,(2002--.) Iran
IS,(2002--.) Iceland
IT,(2002--.) Italy
JM,(2002--.) Jamaica
JO,(2002--.) Jordan
JP,(2002--.) Japan
KE,(2002--.) Kenya
KG,(2002--.) Kyrgyzstan
KH,(2002--.) Cambodia
KI,(2002--.) Kiribati
KM,(2002--.) Comoros
KN,(2002--.) St.Kitts and Nevis
KP,(2002--.) North Korea
KR,(2002--.) South Korea
KW,(2002--.) Kuwait
KY,(2002--.) Cayman Islands
KZ,(2002--.) Kazakhstan
LA,(2002--.) Laos
LB,(2002--.) Lebanon
LC,(2002--.) St. Lucia
LI,(2002--.) Liechtenstein
LK,(2002--.) Sri Lanka
LR,(2002--.) Liberia
LS,(2002--.) Lesotho
LT,(2002--.) Lithuania
LU,(2002--.) Luxembourg
LV,(2002--.) Latvia
LY,(2002--.) Libya
MA,(2002--.) Morocco
MD,(2002--.) Moldova
ME,(2007--.) Montenegro
MG,(2002--.) Madagascar
MH,(2002--.) Marshall Islands
MK,(2002--.) North Macedonia
ML,(2002--.) Mali
MM,(2002--.) Myanmar
MN,(2002--.) Mongolia
MO,(2002--.) Macau
MP,(2002--.) Nothern Mariana Islands
MR,(2002--.) Mauritania
MS,(2002--.) Montserrat
MT,(2002--.) Malta
MU,(2002--.) Mauritius
MV,(2002--.) Maldives
MW,(2002--.) Malawi
MX,(2002--.) Mexico
MY,(2002--.) Malaysia
MZ,(2002--.) Mozambique
NA,(2002--.) Namibia
NC,(2002--.) New Caledonia
NE,(2002--.) Niger
NF,(2002--.) Norfolk Island
NG,(2002--.) Nigeria
NI,(2002--.) Nicaragua
NL,(2002--.) Netherlands
NO,(2002--.) Norway
NP,(2002--.) Nepal
NR,(2002--.) Nauru
NU,(2002--.) Niue Island
NZ,(2002--.) New Zealand
OM,(2002--.) Oman
PA,(2002--.) Panama
PE,(2002--.) Peru
PF,(2002--.) French Polynesia
PG,(2002--.) Papua New Guinea
PH,(2002--.) Philippines
PK,(2002--.) Pakistan
PL,(2002--.) Poland
PM,(2002--.) St.Pierre and Miquelon
PN,(2002--.) Pitcairn
PS,(2002--.) Occupied Palestinian Territory
PT,(2002--.) Portugal
PW,(2002--.) Palau
PY,(2002--.) Paraguay
QA,(2002--.) Qatar
QP,(2013--.) High seas
QR,"(2005--.) Supplies to vessels, intra trade"
QS,"(2010--.) Supplies to vessels, extra trade"
QU,(2010--2016) Special country code(undefined)
QV,"(2002--.) Offshore installations, intra trade"
QW,"(2017--.) Offshoreinstallations, extra trade)"
QY,"(2019--.) Undefined country, intra trade"
QZ,"(2019--.) Undefined country, extra trade"
RO,(2002--.) Romania
RU,(2002--.) Russia
RW,(2002--.) Rwanda
SA,(2002--.) Saudi Arabia
SB,(2002--.) Solomon Islands
SC,(2002--.) Seychelles
SD,(2002--.) Sudan
SE,(2002--.) Sweden
SG,(2002--.) Singapore
SH,(2002--.) St. Helena
SI,(2002--.) Slovenia
SK,(2002--.) Slovakia
SL,(2002--.) Sierra Leone
SM,(2002--.) San Marino
SN,(2002--.) Senegal
SO,(2002--.) Somalia
SR,(2002--.) Suriname
SS,(2013--.) South Sudan
ST,(2002--.) Sao Tome and Principe
SV,(2002--.) El Salvador
SX,(2013--.) Sint Maarten (Dutch part)
SY,(2002--.) Syria
SZ,(2002--.) Eswatini
TC,(2002--.) Turks and Caicos
TD,(2002--.) Chad
TF,(2002--.) French Southern Territories
TG,(2002--.) Togo
TH,(2002--.) Thailand
TJ,(2002--.) Tajikistan
TK,(2002--.) Tokelau
TL,(2003--.) Timor-Leste
TM,(2002--.) Turkmenistan
TN,(2002--.) Tunisia
TO,(2002--.) Tonga
TP,(2002--2002) East Timor
TR,(2002--.) Türkiye
TT,(2002--.) Trinidad and Tobago
TV,(2002--.) Tuvalu
TW,(2002--.) Taiwan
TZ,(2002--.) Tanzania
UA,(2002--.) Ukraine
UG,(2002--.) Uganda
UM,(2002--.) Minor outlying islands (USA)
US,(2002--.) United States of America
UY,(2002--.) Uruguay
UZ,(2002--.) Uzbekistan
VA,(2002--.) Vatican City State
VC,"(2002--.) St.Vincent, North.Grenadines"
VE,(2002--.) Venezuela
VG,(2002--.) British Virgin Islands
VI,(2002--.) Virgin Islands (USA)
VN,(2002--.) Viet Nam
VU,(2002--.) Vanuatu
WF,(2002--.) Wallis and Futuna
WS,(2002--.) Samoa
XC,(2002--.) Ceuta
XI,(2021--.) Northern Ireland
XK,(2005--.) Kosovo
XL,(2002--.) Melilla
XM,(2005--2006) Montenegro
XS,(2005--.) Serbia
YE,(2002--.) Yemen
YT,(2002--.) Mayotte (2014-->FR)
YU,(2002--2003) Yugoslavia
ZA,(2002--.) South Africa
ZM,(2002--.) Zambia
ZW,(2002--.) Zimbabwe
